param,magnitude,unit,sign,mean_cm,median_cm,p95_cm,max_cm,Nose_mean_cm,L_Eye_mean_cm,R_Eye_mean_cm,L_Ear_mean_cm,R_Ear_mean_cm,L_Shoulder_mean_cm,R_Shoulder_mean_cm,L_Elbow_mean_cm,R_Elbow_mean_cm,L_Wrist_mean_cm,R_Wrist_mean_cm,L_Hip_mean_cm,R_Hip_mean_cm,L_Knee_mean_cm,R_Knee_mean_cm,L_Ankle_mean_cm,R_Ankle_mean_cm
rx,0.05,deg,+,0.10762274272318632,0.10399354863234699,0.12769440252290787,0.13329084731077978,0.10485388125185298,0.1043435962429609,0.10538390090315607,0.10376151507354855,0.1071166177115677,0.10200345598319167,0.10985791614982295,0.1002070836633241,0.111670486661056,0.10055496481249848,0.11197520553021421,0.10577267463465512,0.11063289859475928,0.10856020260285731,0.11333767932081577,0.11264382617611154,0.11691072098177503
rx,0.05,deg,-,0.10761986137938133,0.10399768499881026,0.12769465543843903,0.13329016472703287,0.10484683619502093,0.10433566642857814,0.10537625124160106,0.10375313376129072,0.10710904521722181,0.10199825124240494,0.10985367058277996,0.10020361316692174,0.11166839736207826,0.10055340135134926,0.11197366060007619,0.10577496731380524,0.11063517745729262,0.10856311449351867,0.11334140329574974,0.11264061570210157,0.11691043803769166
rx,0.1,deg,+,0.2152435619069816,0.2079735315345816,0.25538836748643934,0.2665822538552913,0.20970736040582263,0.20868672564184712,0.21076732248754868,0.20752262410994052,0.21423279737279566,0.2040065424213779,0.21971567311803658,0.20041287532454174,0.22334067772847097,0.20110829943740066,0.22394978740040897,0.21154391167215103,0.22126496874822058,0.2171161479346092,0.22667275444987622,0.22527750123148452,0.23381458293415472
rx,0.1,deg,-,0.21524144332533235,0.20800665152537332,0.2553877854667552,0.2665795240353588,0.20969388080523949,0.2086716036684508,0.21075278821100035,0.20750647440842188,0.21421833552125702,0.2039966752220349,0.21970731050193248,0.20040828612508574,0.22333690247109475,0.20110807543525588,0.2239477568316191,0.21155118841453452,0.2212709992975891,0.21713030272747877,0.22668522591214377,0.22529119059616662,0.23382754038134526
rx,0.5,deg,+,1.0761878760333095,1.0396228325868173,1.276960647922798,1.3329188727646462,1.0485993781316094,1.0435051190384717,1.0539041605160409,1.0376919615114641,1.0712315315504883,1.0200749258877535,1.0986134908677587,1.0020609024399825,1.1167085512619903,1.0055072251396484,1.1197383015612346,1.05764133237776,1.1062629918042977,1.0854158885061909,1.1332346314260613,1.1261308968906707,1.168872603654838
rx,0.5,deg,-,1.0762101609506072,1.0403353327286802,1.2768567738305594,1.3328506260726163,1.0483799813956067,1.0432598356892582,1.0536693063119142,1.037427210791519,1.0709965976032791,1.0199158501929981,1.0984733722860938,1.0020205086066285,1.1166508178531593,1.0055498625374906,1.1197207256757773,1.0578080967940637,1.1063890736289594,1.085789819757573,1.1335270255962595,1.1266853900185483,1.1693092614211922
rx,1.0,deg,+,2.152264618472704,2.0786128704241063,2.5539055621327997,2.66578291714597,2.097327103717139,2.08716402751628,2.107950688758362,2.075557980829563,2.142604212088901,2.0402245995768564,2.1972752493024084,2.0040817475454697,2.2333834698435213,2.010892365548998,2.239402502130576,2.1150354866518395,2.2123147097102036,2.1703736971443606,2.266089830123151,2.251609168958418,2.3372116745899145
rx,1.0,deg,-,2.152363101262361,2.0814602437520016,2.553449276164761,2.6655098636474994,2.0964640687877947,2.0861993355850417,2.107027181447078,2.0745161942156995,2.14168014416861,2.0395991241206404,2.196723263235015,2.0039293824676867,2.2331570235478466,2.0110689052504735,2.239336286190887,2.115700620663091,2.2128159179335034,2.171871974526212,2.267257021668728,2.2538537846483164,2.3389724930035114
rx,2.0,deg,+,4.303752931696137,4.155995156407576,5.10746680228513,5.330854170837143,4.194840681959951,4.174619299810125,4.2161416225343125,4.1514934533595405,4.285438032163827,4.080438687379591,4.3943981429723555,4.007704936257726,4.466278636198274,4.02099375091438,4.478152332971024,4.228755810416659,4.423435784085008,4.338584308203684,4.530307281466526,4.500280863801366,4.671936214339983
rx,2.0,deg,-,4.304155250330701,4.165369812274898,5.105525589780344,5.329760881736525,4.1914008645756695,4.170774635733167,4.212461179313745,4.147341133477128,4.281755023991318,4.077945745822265,4.392196715699467,4.007103447075471,4.46537591909628,4.021705299325306,4.477890633392631,4.231413977517065,4.425436985178362,4.34458064729706,4.534974252102487,4.5092876486214735,4.678995147403029
rx,5.0,deg,+,10.746828375041343,10.371576764474344,12.757793000424854,13.311923536614497,10.481833603996431,10.432110381628657,10.53543169277699,10.375040144826816,10.708480479715481,10.194730338203206,10.977866378183204,10.009767101891267,11.154910132799595,10.04043060999674,11.183309269579983,10.555496950708058,11.042676386897666,10.823568944650438,11.304622687842686,11.221849603341951,11.653957668663633
rx,5.0,deg,-,10.749314677699923,10.428198228796429,12.743605289624927,13.305043363998195,10.460256320058473,10.408001074002406,10.512348504592744,10.34900692582903,10.685377071336559,10.179081399318651,10.96403046226829,10.005966164167097,11.149209873449282,10.044860280558181,11.181637775522447,10.572086358113717,11.055154525716995,10.861082054357881,11.33381452470672,11.278266826528185,11.698169380372018
ry,0.05,deg,+,0.1935492169046977,0.19518585338551414,0.20022246995757367,0.20566220483920267,0.19372282173414404,0.19337602975046803,0.19372344698597976,0.19307023620101757,0.19417890800116813,0.19329986065646756,0.19577765409942038,0.1930504635301035,0.19653457434651503,0.19273322703512497,0.19629982272248808,0.1938543974813343,0.19551722866275337,0.19194046110117377,0.1937312372882954,0.1886928117613448,0.19083350602206217
ry,0.05,deg,-,0.1935416032582734,0.19517120059743412,0.20024208798327384,0.2056036569277354,0.19370979555372314,0.19336176715918776,0.19371055252135932,0.1930543571728066,0.19416713832752128,0.19328437329074954,0.1957698570799408,0.19303646777007025,0.19653024852884704,0.19272097693089188,0.19629667928800099,0.19384702565299067,0.19551413280548224,0.19193750671776982,0.19373076721967028,0.18869761104874405,0.19083799832289297
ry,0.1,deg,+,0.387077228167759,0.3903420973052639,0.40042533042065354,0.4113054232842149,0.38742006546678925,0.3867261582471132,0.3874216156965145,0.38611441485894044,0.3883325572514401,0.38657386892439083,0.3915309584809584,0.38607650118441794,0.39304580622978524,0.3854428613307383,0.3925770131917466,0.3876873803673412,0.391013142428568,0.38386578306550134,0.38744606779064106,0.3773803029808845,0.38165838135613206
ry,0.1,deg,-,0.3871044498641374,0.3903723856654514,0.40050380240957206,0.41115830137404447,0.3874452280267971,0.38674949480000914,0.3874464397936161,0.3861348282104555,0.3883595815352638,0.3865946629279998,0.3915640983573736,0.3860974145180342,0.3930838711010783,0.38546553528418,0.3926160263253867,0.38771552039154006,0.3910496166468086,0.38389019099277494,0.38747796405015017,0.3774005509227372,0.38168462380613044
ry,0.5,deg,+,1.934887461377516,1.9511666316612737,2.0013939323609735,2.0575853612463018,1.9365450895477154,1.9330814653101867,1.9365594443133265,1.930037763760276,1.9411004153950948,1.93233671725296,1.9570692422808338,1.9298729317974816,1.9646296842544524,1.926708279339016,1.9622916489130589,1.9379300243494948,1.9545087451913645,1.918943677975511,1.9367783988726608,1.8866965091860775,1.9079968056782617
ry,0.5,deg,-,1.9360294358673433,1.9524651365058676,2.0033061706063577,2.0546040051450354,1.9377923162471504,1.9343079984122262,1.9377912861459572,1.931219557130913,1.9423688701624955,1.9335185421137668,1.9584123885395937,1.9310109644289526,1.966024277715127,1.9278485493828508,1.9636796975606658,1.9390945686665904,1.9558114863195604,1.9198436960857614,1.9378460343628996,1.887211117785394,1.9087190586849292
ry,1.0,deg,+,3.8686306324836073,3.9011086943802016,4.000847634531214,4.118040204353389,3.871838393019457,3.8649311012756407,3.8718814046215493,3.8588863882908395,3.880922058678793,3.8634895165030465,3.912782868165992,3.8586141299794257,3.9278543592122834,3.8522872006248563,3.923188522641169,3.8746981032169647,3.9077102962162296,3.836992611929642,3.872485540449986,3.7728884126439683,3.815269844751485
ry,1.0,deg,-,3.873256482004244,3.9061952275351217,4.008579412519386,4.106202592486359,3.8769048754230395,3.869917922434208,3.876885473575119,3.863697792143387,3.886070281595238,3.868299900362493,3.9182201056813617,3.863243513212126,3.933488436323102,3.856920284820954,3.9287926238997657,3.8794142234995608,3.9129704276201527,3.8406291150061165,3.876790070241038,3.774947945089619,3.8181672031448657
ry,2.0,deg,+,7.732817600379166,7.798176303774888,7.993811665236324,8.247349920035504,7.738843000519113,7.7251131324075475,7.738979774119037,7.713195130705346,7.756871451024118,7.722440139825884,7.820252495735137,7.712917011315541,7.850183659672159,7.700278217830777,7.84089831088194,7.744901271997789,7.810294512460951,7.670516815573566,7.740754838411718,7.543800698367373,7.627658745597832
ry,2.0,deg,-,7.75138308108299,7.818196691604394,8.025078932393765,8.200098259108978,7.759191132745961,7.745145635361451,7.759077248632651,7.73252949216783,7.77754326161222,7.741769876466936,7.842070968379663,7.731517144604254,7.872780700555092,7.718887505607226,7.863371421651381,7.763828433593736,7.831388845714156,7.685102337516998,7.758010116109508,7.552040635180582,7.639257622511184
ry,5.0,deg,+,19.30081140873946,19.464236906741846,19.92630544865801,20.697542567518965,19.31356670878846,19.279948659068435,19.314168807652095,19.25142092471492,19.357004200265433,19.27518707171984,19.51231928773443,19.253517025099416,19.58535129219951,19.22219660206185,19.562630669953442,19.331018238272215,19.488839784333976,19.15212011727426,19.3212873758145,18.845497339101016,19.04771984451703
ry,5.0,deg,-,19.417139805347205,19.580104855573747,20.122836252937965,20.515602910707916,19.44109416776416,19.405504336511495,19.440122059035303,19.372618779815777,19.486543860034104,19.39638210646474,19.64902508270035,19.37015263396667,19.726914889640224,19.338861512870242,19.70340230938789,19.44963545007412,19.620981897509786,19.24348701146996,19.42934020299238,18.89703187776233,19.120278512902907
rz,0.05,deg,+,0.040765006754409736,0.029328443042403327,0.082640864962344,0.09370223551051574,0.03547583977440231,0.036689997199661775,0.03627878418082322,0.03823640462101369,0.037471512593354836,0.03438129437474317,0.034263199551854244,0.034296867006755966,0.03235820165028381,0.03787370176008718,0.035010877321225604,0.03939313749060886,0.038414863245291156,0.05059574481723031,0.04933614750135764,0.06248929533214896,0.06043924640412286
rz,0.05,deg,-,0.04077001652266261,0.029333188537173493,0.08266472015264359,0.0938733503089129,0.03547212868000368,0.03668548395197679,0.03627487072777064,0.03823056667821527,0.037466519897457695,0.03437897906366086,0.03426008539690136,0.03430516034758453,0.032361775101135956,0.037884603941059435,0.03501597289297568,0.03940500504001148,0.0384247863399994,0.050611538215133714,0.04934962285978811,0.0625076483255811,0.060455533426008644
rz,0.1,deg,+,0.0815310768157433,0.05865123532933062,0.16528968161643526,0.187416248683039,0.07095731092844758,0.07338593235594879,0.07256312891615346,0.0764798309088307,0.07494970999436172,0.0687692361077128,0.06853268034919867,0.06859538169994868,0.06471702458949538,0.07574752710844389,0.07002091248792139,0.07878355858910979,0.0768262805947741,0.10118724585252681,0.09866686800842593,0.12497356545417425,0.12087211192216218
rz,0.1,deg,-,0.08153891736566196,0.05867044479841689,0.16532675821557258,0.18758619309191327,0.07093858514724453,0.07336498353813713,0.0725441406028523,0.076454058448767,0.07492631882845262,0.06875126329843555,0.06851387111736534,0.06860857987929864,0.06472292153427443,0.075768830073816,0.07003277045889122,0.07881269152259351,0.07685299783924987,0.10122727708859224,0.09870464178534577,0.12502026421338117,0.12091739983955596
rz,0.5,deg,+,0.4076249982897391,0.2930650971455566,0.8262536623430259,0.9373208120903014,0.35498880300892843,0.36715006223850294,0.363018224277934,0.38266581193217725,0.37499548798702786,0.3440608025845884,0.34287700484611744,0.3429250156747387,0.32356023369291087,0.3786129079269873,0.3500197033134579,0.3936991067560298,0.3839155854596657,0.5056267302099535,0.493019484213718,0.6245052244040402,0.6039847823987864
rz,0.5,deg,-,0.4077234226565224,0.29360752487333436,0.826888739452903,0.9374511498908265,0.3544896082970621,0.3666031760682123,0.36251684105600346,0.3820021367229691,0.3743833476157092,0.34354179403257923,0.3423559575684264,0.34309516239042664,0.32364047766696175,0.37896702977841784,0.35024795450582796,0.3942807277887918,0.3844797109795376,0.5064423706601038,0.49383480528171936,0.6254589870889661,0.6049580976591662
rz,1.0,deg,+,0.8151530475202953,0.5854881444429643,1.6517394382968824,1.874754270297894,0.7104755647694498,0.7348444519955408,0.7265356495412663,0.7659920358103919,0.7506008658354235,0.6886454943871215,0.6862789448019749,0.6856915419156651,0.6470475841838523,0.756878306343194,0.699813138506761,0.7868214929080284,0.7672702068321887,1.010438526245306,0.9852215914561967,1.2480547523696712,1.2069916599429886
rz,1.0,deg,-,0.8155345341824923,0.587595507849505,1.6544959544463171,1.8747607800544142,0.7084749179303675,0.7326540229119416,0.7245267901283658,0.7633349372382983,0.7481489072724756,0.6865608022164302,0.6841884589751454,0.6863520820446545,0.6473601030698569,0.7582724452539967,0.7007175742062731,0.7891295873740508,0.7695136769095753,1.013677925891177,0.9884667216679325,1.251843083358948,1.2108650446528817
rz,2.0,deg,+,1.62989378377409,1.1691964548059142,3.3013161752946867,3.74969965636274,1.4229282672786008,1.4718487017065986,1.4550510146199829,1.5346065209345385,1.503623636628574,1.3793840400041275,1.374657028802688,1.370746207718898,1.2938123895457607,1.512337566227536,1.3987080588798269,1.5713101380793824,1.5322770593175317,2.0175623957061353,1.9671252724457429,2.4922122451241058,2.4100037811394985
rz,2.0,deg,-,1.631407335907485,1.1763542069214226,3.311705186776105,3.749211003457764,1.414922013095694,1.4630842723231672,1.4470123700795934,1.5239760732231336,1.493812754868384,1.3710374172802668,1.3662896270996696,1.3733672497860472,1.2950531059208004,1.5178911390838041,1.40231656138783,1.580523340397133,1.541237054660923,2.0304965352617566,1.9800892431842556,2.5073387514781724,2.4254772012966157
rz,5.0,deg,+,4.071263949013185,2.9025694001097184,8.239497687225132,9.37462827074009,3.5718880909181503,3.6954943312133137,3.6521625550714263,3.8558186655355784,3.7768972356257016,3.464176524853065,3.452421249657601,3.4222225969246485,3.232671249610111,3.7698288942971003,3.489705760942278,3.9104344952954984,3.813454955903205,5.018159815262583,4.892111094173222,6.200053336660484,5.993986281280157
rz,5.0,deg,-,4.080693731855991,2.951355393162073,8.301530294774215,9.370680294115266,3.5218515915408206,3.6407195737669555,3.601920773231832,3.7893901962159373,3.715589551887978,3.4120323571412503,3.400152957210291,3.4385191945605706,3.2403689956817368,3.804470090837661,3.5122126717020663,3.967948249751195,3.8693924198081495,5.098943836585413,4.973089199870391,6.294542692984336,6.090649088775271
tx,1.0,mm,+,0.044758959380433845,0.045589935188054154,0.05559334866851126,0.059771838056676595,0.045439157476755226,0.04552059616364738,0.04532724712597985,0.04541613419773127,0.04468797850553076,0.045739130433912215,0.04389853014024003,0.0462390458727288,0.04379797186427556,0.046646887459008614,0.04415803798555056,0.045119322430831714,0.044042528447700985,0.04465399406411037,0.04372038337020739,0.0436183496416813,0.04287701428748341
tx,1.0,mm,-,0.04474073727551317,0.04559027844384349,0.05559282250990925,0.05976773888143966,0.04541469726307473,0.045495115424321685,0.04530309481164792,0.04538940982541064,0.04466465368998432,0.04571255501437962,0.043878407317092374,0.04621418649973106,0.04378085954673444,0.046623822139304424,0.044142246221651055,0.04510104609645853,0.04402748410188088,0.0446425490552148,0.04371021034818646,0.043617567870178967,0.04287462845847194
tx,2.0,mm,+,0.08950711757231644,0.09117754197588766,0.11118534669282029,0.11954108639649318,0.0908643260064867,0.09102671729445141,0.09064067291948946,0.09081727974152207,0.08936245425724904,0.09146348606427329,0.08778506610293602,0.09246426805703237,0.08758535881756728,0.09328050019966208,0.08830609746868556,0.09022793237358544,0.08807559419520332,0.08930088499764871,0.08743390299360555,0.08723517778437183,0.08575127945560951
tx,2.0,mm,-,0.08949219825976276,0.09118484992138674,0.11118700961860746,0.11953808257159765,0.09084334684153939,0.09100466215919883,0.09061997743559033,0.09079375112116359,0.08934278303424123,0.09143981774562258,0.08776879418373315,0.09244199110036257,0.08757230003437891,0.0932602641994652,0.08829446926362795,0.090212771659552,0.08806442243090888,0.08929216892426682,0.08742727710235683,0.08723660191137507,0.08575197126858354
tx,5.0,mm,+,0.22374513393037046,0.22792243183022812,0.2779597980444461,0.29884676446548053,0.22713299858018324,0.22753836145888431,0.22657416484714088,0.22701446326104419,0.22337870134311993,0.22863088101970067,0.2194370959458563,0.2311349664590458,0.21893953223586998,0.23317605340605188,0.22074206616023448,0.2255476594518618,0.2201671663010062,0.22323622972126644,0.21856748877899976,0.2180813926346339,0.21436805521139793
tx,5.0,mm,-,0.2237533343556924,0.22797972460468763,0.27797406109992917,0.298851428077239,0.2271363868979278,0.22754028572452775,0.22657766730643597,0.22701330513358148,0.22338460537279728,0.2286275626570983,0.21944778041086735,0.23113076707443123,0.218954848208805,0.2331756240099001,0.22075958287433106,0.22555430817133537,0.2201831026289768,0.2232466162435582,0.21858569281443344,0.21809825801736615,0.21439029050039743
tx,10.0,mm,+,0.4474539406465853,0.45578539263271245,0.5559140323074176,0.5976831345980305,0.45422502504598516,0.45503571164183293,0.4531077204205972,0.45398925357974684,0.44671554549296605,0.45722461550579574,0.43883227257227725,0.46223638414206364,0.43783692996589124,0.4663172958999865,0.441441713055761,0.4510605514217463,0.4402947593277694,0.4464444061627306,0.43710061825376934,0.4361445308149541,0.4287096576880762
tx,10.0,mm,-,0.4475447112485167,0.4560218329697051,0.5559626317706747,0.5977151816469323,0.45431543972413335,0.4551232762698556,0.45319764374409066,0.4540679897477973,0.44681278933724355,0.4572939752638949,0.4389392294600871,0.46229674730894155,0.4379535839654407,0.46638760424675363,0.4415633183621763,0.45114509065605907,0.4404075098879712,0.4465230159637125,0.43720750025948885,0.43621654333299537,0.4288088336941426
tx,20.0,mm,+,0.8947950587400716,0.9113441401840536,1.1118100720106203,1.1953352527282355,0.9083280205961395,0.909950744975452,0.906094398503546,0.9078649687164791,0.893303952544055,0.9143454314599744,0.8775325004693156,0.9243806490738171,0.8755365395658221,0.9325349566293769,0.8827429997790156,0.9020144563679073,0.8804592106395913,0.8927986282824509,0.8740843615408791,0.8722219187125015,0.8573222607248947
tx,20.0,mm,-,0.89521610467449,0.9122977893724403,1.1119355915413185,1.1954768294009166,0.9087665347176379,0.9103808651186778,0.9065299993461062,0.9082632765354579,0.8937665495746528,0.9147054985389134,0.8780245410154331,0.9246992577480434,0.8760585395344201,0.932888210862924,0.8832809530763698,0.9024105524328792,0.8809592120456576,0.8931501267588917,0.8745459500894577,0.8725145166304248,0.8577291954403821
tx,50.0,mm,+,2.236268929166683,2.2766928468628533,2.7794354025161003,2.988215923212836,2.2700499838350625,2.274119981923767,2.264472599207325,2.2689632157218456,2.232449289990063,2.285236628483136,2.192975467944427,2.3104063865018007,2.187937231484584,2.3307296546216056,2.2059254327308353,2.254363003718029,2.200289284563992,2.2314269343654556,2.1844389052195248,2.1801273290873016,2.142660466434858
tx,50.0,mm,-,2.239001661490816,2.2826097077518033,2.780058533187037,2.9891043271524045,2.272924925209573,2.276947724664364,2.267327676550377,2.271598277088925,2.2354690872026364,2.2876314153120645,2.196162823775975,2.3125325025847676,2.1912963782714026,2.333063300899437,2.2093775361961105,2.2569397632652493,2.203499769353738,2.2336884546494766,2.1873832004057774,2.1819638841044244,2.145221525809573
ty,1.0,mm,+,0.028346470255499797,0.028393210785747476,0.028522118351805972,0.028568367427985783,0.02833839588806191,0.028324894469044445,0.028323053816228735,0.028323816047502125,0.028316981622603342,0.028398932150558085,0.028378366825548416,0.028443121486967215,0.028422067378402374,0.0284381053697935,0.028427078922804033,0.028422559488578563,0.028420931412256156,0.02832876951586829,0.028334337482781476,0.028113376159770193,0.028135206306727657
ty,1.0,mm,-,0.028349327057045123,0.028393964757684284,0.028527286322316058,0.02873114490614611,0.028340474952390265,0.028327200923228404,0.02832531451229261,0.028326190130581852,0.02831916370695721,0.028401034861008513,0.02837956056365749,0.028446567109661987,0.02842307378283668,0.0284417065193008,0.02842844599722684,0.028424072155428113,0.02842137662231578,0.028332710503048333,0.028336133065578934,0.028123747536655856,0.02814178702759747
ty,2.0,mm,+,0.05669551462522101,0.05678677474254933,0.0570500124783466,0.057146511342051,0.056680640036835976,0.05665390184884047,0.056650163719609445,0.05665189878524299,0.05663806393351353,0.05680128494721767,0.05675975023473346,0.05688931980063727,0.0568462412109819,0.056878262349507804,0.0568557994790728,0.056846334627807846,0.05684264942941946,0.05665865424450352,0.056668843914444836,0.05622998057772399,0.056271959488664196
ty,2.0,mm,-,0.05669598318501331,0.056786782843993244,0.0570483075111218,0.057152553057765995,0.056677040392765984,0.056650217005894704,0.05664651642298413,0.05664802412272663,0.056634180966671895,0.05679854830008689,0.05675608021744001,0.05688980403418546,0.05684403374926699,0.05688061714873294,0.05685524583840037,0.056846883098803355,0.05684195580480129,0.05666426923973223,0.05667209281666351,0.05624420963170738,0.0562819953543625
ty,5.0,mm,+,0.14174768629927428,0.14196497871921757,0.1426491465940901,0.1428957213826656,0.14171897573528225,0.14165315661690892,0.1416435536108711,0.14164890255971535,0.14161368358301882,0.1420182838681793,0.14191386560226815,0.14223415889494737,0.14212542151314428,0.14220174295569632,0.14214602978881585,0.14211982830907446,0.1421103111234909,0.141645196357067,0.1416696836584011,0.14057232425721367,0.14067554865356804
ty,5.0,mm,-,0.14173143671754335,0.14196504039387914,0.1425971343856943,0.1428519225737697,0.14167562516435875,0.14160753272118737,0.1415985504013784,0.14160128670218664,0.14156734531523157,0.14198167172196752,0.14187614936007223,0.14221391215912582,0.1421007170319495,0.1421953670708345,0.14213203117000975,0.14211362741178404,0.1421016456832039,0.1416625293264027,0.14168310575959506,0.14061355681928042,0.14070977037966861
ty,10.0,mm,+,0.28351874952836703,0.28393323533294923,0.2853619507689523,0.2858603020653185,0.2834888975997234,0.28336002841523517,0.283340095437651,0.2833537482817197,0.28328167238933016,0.2840803885431305,0.2838713601602585,0.28449681852511804,0.2842803577682979,0.28441742419406324,0.2843107430015674,0.28425025047525115,0.284232199972172,0.28327977452511055,0.2833295854558,0.2811186939100261,0.2813267033277843
ty,10.0,mm,-,0.28344279273423845,0.2839311417617765,0.28513276286742484,0.28563850287440884,0.283303580576298,0.28316462339219,0.28314739373161424,0.28314991512511806,0.2830837092861058,0.28392279343809407,0.2837120512756155,0.28440253303529756,0.2841753074775823,0.28437986666677917,0.2842487270273092,0.2842199449062451,0.28419506401583083,0.2833389571090541,0.28337934015010857,0.2812563668252631,0.2814473024435488
ty,20.0,mm,+,0.5671322084463596,0.567859634656146,0.5709794741376669,0.572005459169408,0.5671822315766563,0.5669350730993591,0.5668924141593782,0.5669312309141002,0.5667809527643933,0.5683371161198174,0.5679198075526167,0.569107614314488,0.5686824548589103,0.5688912930031199,0.5686999250884129,0.568546745264642,0.5685162005176777,0.5665186114149637,0.5666247953685724,0.5621266061385575,0.5625544714324484
ty,20.0,mm,-,0.5668174307386521,0.5679029512301995,0.5700418770062583,0.571046553403096,0.5664290667608245,0.5661405625426732,0.5661089372499359,0.5661025483999839,0.5659765098771105,0.5676956045327171,0.5672741441447237,0.5687171833442288,0.5682560322032915,0.5687290130854002,0.5684458464443443,0.5684200244964763,0.5683651865484436,0.5667451878960122,0.5668198763347889,0.5626500291095546,0.5630205695865762
ty,50.0,mm,+,1.4186625653486298,1.4199028570663321,1.4294482847591725,1.4322561378622614,1.4196083108591713,1.4190687078675153,1.4189415301042019,1.4191246263162285,1.4187049460343473,1.4222857238466318,1.4212545477731002,1.4237410452876884,1.4227485032018985,1.4227686672574078,1.4224660984189186,1.4218400495693662,1.421810746404826,1.4161111529662116,1.4164344291888509,1.4045912528412507,1.4057632729890948
ty,50.0,mm,-,1.4166763971507201,1.419459159710113,1.4240093934779465,1.4260820983450608,1.4148810184794551,1.4140813085261792,1.4140234680183799,1.413922886892442,1.413656020619664,1.4182574845991847,1.4172051214006502,1.421278024347965,1.420072961001257,1.421733524021778,1.4208678833452562,1.4210385786173474,1.4208627677868937,1.4175092824678988,1.4176466103999585,1.4078144177159915,1.408647393321937
tz,1.0,mm,+,0.012705162277262427,0.006301604804236414,0.028892794330744077,0.031417036609679726,0.011898243976427126,0.012099940749818783,0.011867997078191254,0.012494571553425097,0.011942188038185225,0.012731068551997684,0.011742694019531583,0.013256851802229765,0.01134278907620272,0.013354552874710017,0.011282922846461834,0.013033813407139905,0.012344220067080707,0.013990871323432208,0.013234675225527051,0.0150687832303611,0.014301574892739217
tz,1.0,mm,-,0.012724160459177231,0.006301561168519752,0.02895599133310027,0.031473096151272806,0.011924021265609926,0.01212681484797558,0.011893547037619318,0.012522752610359173,0.011967112218538389,0.012758749533243328,0.011764248825711424,0.013282247593687688,0.01136126445525318,0.01337788788155802,0.011300088152369362,0.013052751367040883,0.012360351083176424,0.014002396309597563,0.013245663373190114,0.015067488526931877,0.014303342724150684
tz,2.0,mm,+,0.02541970443721203,0.012603284422135857,0.057815006747675014,0.06286227037297004,0.02380949951743199,0.024213437673388485,0.023748888098524032,0.025003231189147497,0.023896877886678002,0.02547585213631396,0.023496055632268746,0.02652613463249511,0.022694689556868416,0.02672045210026327,0.022574403089754905,0.026076945563678344,0.024696405994032392,0.027987259195700238,0.026474667677998883,0.030136484205310766,0.028603691282749474
tz,2.0,mm,-,0.025438829556688223,0.012603047602341232,0.05788479083334224,0.06291757275242879,0.02383496561281293,0.02423999950347172,0.023774138494515335,0.02503132778638457,0.023921669339855983,0.025503684754500922,0.02351779313221689,0.026551803394500653,0.022713394149955605,0.026743633630509106,0.0225915980194059,0.02609612626003309,0.024712707927407686,0.02799921943044431,0.026485982841131246,0.030135975349212873,0.028606082837340972
tz,5.0,mm,+,0.0635631427144633,0.031508710279866084,0.14459508010467798,0.15719972259264284,0.05954393275313206,0.060554601283487365,0.059392202849067266,0.06252943542215268,0.05976125240446362,0.0637099615182103,0.05875580784674444,0.06633356582102158,0.0567499584825637,0.06681879733106681,0.0564488084789724,0.06520590112974478,0.061752651677023596,0.06997560011472088,0.06619402288124052,0.075338081468774,0.07150884468348995
tz,5.0,mm,-,0.06358315612496868,0.031507121171424075,0.14466129602565939,0.15724972355321742,0.05956722019900488,0.060578976895752604,0.059415356024129624,0.0625569403859932,0.05978511453304916,0.06373885516972659,0.058778824057243134,0.0663611444851052,0.05677026749063951,0.06684090338408176,0.05646621069989368,0.06522678080012165,0.061770149945317814,0.06999060699366913,0.06620762709686472,0.07534307362972757,0.0715156023341474
tz,10.0,mm,+,0.12713485070613553,0.06301904577119183,0.2892104955823736,0.3144343680424424,0.11910352639746935,0.12112542456186844,0.11879985316692189,0.1250738228809117,0.11953622441982442,0.12743262853437085,0.11752096983632086,0.13267766209954407,0.11350732690087559,0.13365065547185784,0.11290606107372861,0.1304193613511003,0.12351204960671476,0.13995344401956117,0.1323909149500929,0.15066906879186268,0.1430134679412787
tz,10.0,mm,-,0.12715803652733645,0.06301262706255933,0.28929950082075306,0.31446543527466175,0.11911903292907854,0.12114199222251461,0.11881551624493847,0.12509921481006564,0.11955676750357665,0.12746531152030535,0.11754855283331472,0.13271206169649175,0.11353336592847918,0.13366892037998615,0.11292420359910109,0.13044630874135477,0.12353382047213453,0.1399793317159829,0.13241269430785044,0.15069370735320975,0.14303581870633475
tz,20.0,mm,+,0.25427619347287,0.12604458111157346,0.5783960182882184,0.6289261032608595,0.23823143205057498,0.24227584759053994,0.23762357241044996,0.25016578092999603,0.23909043220626125,0.2548753231122966,0.23504766246739747,0.26536029280807133,0.22701719597488937,0.2673194242123343,0.22582063518891113,0.2608413312287142,0.24702752982190213,0.27989956136583827,0.2647776286910217,0.30131309451933,0.2860085444602613
tz,20.0,mm,-,0.25431206863601674,0.1260188440054021,0.578624472141001,0.6288814370815202,0.23821581520254761,0.24226118370907707,0.2376092753561754,0.2501827207159834,0.23909769917559864,0.2549231632553066,0.23509351234252868,0.26542197582195787,0.22706615472265937,0.2673223246668031,0.2258417387712302,0.26089254920903304,0.24706639084099416,0.27996897167759094,0.26483210802355606,0.3014163170711436,0.2860932662500994
tz,50.0,mm,+,0.6356948458614095,0.315160459272425,1.4456715857096005,1.5726165695583567,0.5956944742350626,0.6058072188414153,0.5941715689805703,0.6254780456399666,0.597796832407921,0.6371940311047453,0.5876082804574916,0.6633764134824869,0.567516712741894,0.66837790548763,0.5645732144835636,0.6520790778570635,0.6175572644190517,0.6996747843547607,0.6618925525234188,0.7531189863881191,0.714895016238799
tz,50.0,mm,-,0.6358195332444823,0.31499949388208176,1.4472604540437923,1.5720418380221646,0.5954610064488669,0.6055739463470529,0.593947562736353,0.6254358206501271,0.5977111697202825,0.6373479636710793,0.5877819866228063,0.6636290672072545,0.567726093576771,0.668273261553423,0.5646150383286384,0.6523001771834425,0.6177157460864682,0.7000488238019419,0.6621759051755166,0.75377222487354,0.7154162711726338
